1,abprog,1234,M,India
2,bilung,1234,M,India
3,carter,1234,F,USA
4,daniel,1234,M,Canada
5,emily,1234,F,UK
6,frank,1234,M,Australia
7,george,1234,M,India
8,harriet,1234,F,France
9,ian,1234,M,Germany
10,julie,1234,F,Spain
11,kevin,1234,M,Italy
12,lucy,1234,F,China
13,martin,1234,M,Japan
14,nancy,1234,F,Brazil
15,oliver,1234,M,South Africa
16,paula,1234,F,India
17,quentin,1234,M,Russia
18,rachel,1234,F,Australia
19,simon,1234,M,Canada
20,tracy,1234,F,USA
21,ursula,1234,F,France
22,victor,1234,M,Germany
23,wanda,1234,F,Italy
24,xavier,1234,M,Spain
25,yasmine,1234,F,India
26,zach,1234,M,Brazil
27,alice,1234,F,South Africa
28,ben,1234,O,Japan
29,clara,1234,F,China
30,dennis,1234,M,UK
31,eva,1234,F,India
32,fred,1234,O,USA
33,gina,1234,F,Australia
34,harry,1234,M,Canada
35,irene,1234,F,Germany
36,jack,1234,O,France
37,karen,1234,F,Italy
38,leo,1234,M,India
39,megan,1234,F,Spain
40,nick,1234,M,Japan
41,olga,1234,O,Russia
42,paul,1234,M,Brazil
43,rita,1234,F,China
44,steve,1234,M,South Africa
45,tina,1234,F,USA
46,umar,1234,M,UK
47,violet,1234,F,Australia
48,will,1234,O,Canada
49,xena,1234,F,Germany
50,yuri,1234,O,France
